address_id,address
1,1426 S. Liberty
2,"1426 S. Liberty m"" See also '' Conning ham'' and '' Cottingham''"
3,316 W. Adams
4,2215 S. Elm
5,15 Bellaire Av
6,R.F.D. 6 •
7,324 W. 5th
8,"R. F. D. 6 0 Cunnington Wm. J. cashier, American Railway Express Co . LO res. R. F. D. 7 ~ Curd Elmer C. laborer, res. 1200 E. 8th LLJ Curd Wm. 'J.1. (Minnie L.), pipefitter, res. 1200 E. 8th z Curran Catherine, res. 915 S. Beacon 0 Curran Jerry P. sexton, res. 915 S. Beacon ~ Current Chas. (Minnie), machinist, res. 516 E. Washington"
9,2011 ½ S. Madison
10,190 Kilgore Av
11,501 N. Calvert Av
12,712 E. 7th
13,712 E. Willard 0
14,". o::: R. F. D. 9 c:( Current Sarah E. widow of Wm. W. res. 190 Kilgore Av 3: Curry Ada V. milliner, res. 603 E. Jackson ~ Curry Ashley (Norma), machinist, res. 803 W. Gilbert"
15,"603 E. Jackson ~ Curry Franc E. clerk, res. 603 E. Jackson ::C Curry Geo. W. (Vitrus), toolmaker, res. 1530 W. 12th C!) Curry Mark H. (Myrtle P.), laborer, res. 1548 W. 13th :r: Curry Martin L. (Sarah E.), tank operator, res. 1116 E. 5th"
16,"603 E. Jackson ~ Curry Nellie, sorter, res. 1116 E. 5th u Curry Nellie M. res. 603 E. Jackson u.i Curry Mrs. Norma, clerk, Muncie Gear Works, res. 803 W. Gilbert"
17,"522 W. Adams C/) MUNCIE BUSINESS COLLECE==DAY AND NICHT SCHOOL Courses in Bookkeeping and Accountancy, Shorthand, Typewriting, Spelling, English, Rapid Calculation, PenmansWp, Letter Writing, Commercial Arithmetic, Commercial Law, Etc. THIRD FLOOR JONES BLOCK, OPP. THE McNAUGHTON PHONE 255"
18,603 E . Jackson
19,603 E. Jackson
20,603 E. Jackson 197
21,522 W. Adams
22,2015 W. Main
23,530 Mound
24,513 S. Franklin
25,2421 S. P l um
26,301 W. Howard
27,416 Powers
28,2421 S. Plum
29,424 E. 1st
30,"East St. Louis CURTIS & GUBBINS, ( Ernest M. C. & John F. G.), Street and Road Con tractors ; also Proprieto rs City Coal Yards, Office and Yards, 606 S. Elm, Phone 313"
31,711 W. Howard
32,2421 S. P lum
33,2607 S. Elm
34,"301 W. Ho,vard"
35,242 1 S. P lum
36,517 N. Dill
37,225 N. D ill
38,301 W . Howard
39,"608 Broadway c:-:, ~ ~ -c::::s -c::::s CD --CD ..... C""-) ~:::!:'! ..... a: . C::, I --. -c, ,:::.., --. oq c::, CD c::, ~"
40,"323 Wysor ,-"
41,221 K il gore Av
42,1224 S. Macedonia Av )
43,"1211 S. High LO~ 8 Curts Jas. 0. (Leona M.), paper h anger, res. 1110 S. High 2.-)"
44,. 216 S. Coun cil C rrJl
45,1211 S . High
46,"1211 S. High ::C COURT SUPPLY & COAL YARD -<. BUILDING MATERIALS, BRICK, TILE 1901 E. JACKSON PHONE 935"
47,812 N. Mulberry
48,715 E. Jackson
49,106 McCullough Blvd
50,1005 E. Adams
51,315 E. 7th
52,"R. F. D. 6 DAGUE M. L. & SONS, (Michael L., Harold L. & Arthur G.), Coal and Builders' Sup­plies, 400 Kirby Av"
53,403 E. 7th
54,319 S. Franklin
55,1503 W. 7th
56,1323 E. Jackson
57,1200 E. 13th
58,221 Kilgore Av
59,"916 Blaine, Whiteley"
60,219 E. Gilbert
61,311 Queen
62,same
63,3227 S. Monroe
64,New Kirby Hotel
65,1536 W. 10th
66,1437 W. 10th
67,118 E. 1st
68,108 N. Council
69,461 W. 6th P:;g;e WHO'S YOUR TAILOR AND CLEANER GEO. H. MAGGS STORE. 119 W. CHARLES ST. PLANT~ 907 W . JACKSON ST•
70,208 Plaza Apartments
71,"125 N. Dill Da]by Mrs. Adlai G. teacher, Central High School, res. 317 S . Lib­erty"
72,. 1704 Uni­versity Av
73,"123½ N. High DALBY MAYNEL W. (Bessie E.),"
74,1704 University Av
75,317 S. Liberty
76,608 N.
77,733 N. Elm
78,1407 W . 5th
79,503 Shipley
80,1801 E . Centennial Av
81,. 1314 Brotherton
82,1314 Brotherton
83,. 2821 S. Vine
84,2414 S. Jefferson
85,"803 N . Jeffer,c""on"
86,322½ E. Main
87,2 11 9 W. Jackson
88,119 W. 12th
89,. 1300 E. 9th
90,614 S . Monroe
91,905 Center
92,614 S. Monroe
93,1601 K irby Av
94,"320 N. Calvert Av If death occurs today have you set aside sufficient sum to pay your Inheritance and E state Taxes. With four years' experience in the Government employ we will give you this service without coat. PAUL A. HAIMBAUGH 309 Wyaor Bldg., Phone 390 EVERETT GODWIN THE MUTUAL LIFE INSURANCE CO. of NEW YORK CCI m r----1 c:-:, c::::, :s:=­r-c:-:, c::::, -"
95,509 N. Calvert Av
96,706 Bethel Av
97,307 W. Charles
98,"Yorktown, Ind Danner :B7 red. E. student, res. 276 Kilgore Av"
99,276 Kilgore Av
100,719 Powers
101,1400 Brotherton
102,1314 S. 'Walnut
103,1014 W. 12th
104,1519 W. 12th
105,1447 W. 12th
106,2200 S. Walnut
107,1501 S . Madison
108,2024 Grant
109,2005 E. Willard
110,"1630 S. Elm Darr all John A. machinist, res. 618 E. 6th"
111,618 E. 6th
112,2003 University Av
113,1018 E. Washington
114,326 E. Jackson
115,112½ W. Adams
116,1524V2 S. Walnut
117,1510 E. Willard
118,s.e.c. Jackson and Elm
119,1126 W. 2d
120,710 University Av
121,200 Wysor
122,403 W. Main BRYAN & SEARS j Dodge Brothers Motor Cars 214 N. WALNUT PHONE 1180 Automobile Tires and Accessories
123,"606 S. Madison Daugh~rty Harry (Gladys), hammerman, res. 403 W. Main"
124,403 W. Main 201
125,316 W. Howard
126,1506 Luick Av
127,1221 K Mad­son
128,1515
129,210 New Little Block
130,312½ E. Main
131,"900 Wolf, White-ley"
132,2 Leland Av
133,502 S. Walnut
134,1423 Shipley
135,2207 S. Walnut
136,216 N. Monroe
137,Hotel Roberts
138,1325 N. Walnut
139,1306 S. Jefferson
140,419 E. Washington
141,1711 S. Madison
142,"Anderson, Ind"
143,. 419 E. Washington
144,1011 W. 17th
145,901
146,1321 Manor
147,"Martin Tharp 's, 23d st"
148,1000 E. Seymour
149,1650 W. 7th
150,"509 Brady N -4 ~ ~ z (I)< • 0l n, ~!::::C Q) (IJ < _-ti..,.. = 0l VO, C n n, r-r-t""P-V'J 0 -4 :, 2 -c ~ r::r C > 0l ~ 0 ""'l 2 = 0l 0 ""1t ~ :::c lY ~ < -~~ ~o"
151,632 W. 9th A. B. WETHERILL 118 E. Washington Phone2979 ~ :::c PLUMBING~ ~ STEAM AND HOT WATER HEATING
152,"923 Penn, Whiteley"
153,200 Queen
154,814 W. 1st
155,211 E. Seymour
156,217 N. Liberty
157,1534 W. 12th
158,sio S. Vine
159,328 E. Washington
160,510½ S. Walnut
161,400 W. North
162,1601 Kirk
163,523 Brotherton
164,515 S. Council
165,507 S. Beacon
166,616 W. 8th
167,204 N. Macedonia Av
168,2421 S. Mulberry
169,321 N. McKinley Av
170,316 S. Monroe
171,200 N. McKinley Av
172,1401 Manor
173,120½ N. Walnut
174,2421 W. Jackson
175,507 E. Willard
176,202 W. 6th
177,510 E. 7th
178,526 N. Martin Av
179,1401 Manor FRENCH STEAM DYE WORKS !!~n:!!~s'=~n~!!: st • FOR FIRST CLASS CLEANING AND PRESSING
180,1330 E. Washington n \.Ii J
181,710 • C:: W. Main
182,"523 Wilson Av ""0 --rl"
183,507 E.. Willard r--r1
184,"713 E. WilL ,.,,.., lard l J"
185,1815 W. Jackson ~ 0
186,703 Marsh
187,519 S. Franklin ) ............
188,519 S. Franklin z ~
189,.-i r714 Powers • \J
190,off w. s. of Hutchins 3 o 4 n 0 ~ >:Z Av. nr. White River
191,211 E. 12th O~ 11..-i
192,"1407 W. 12th ""'1AI"
193,"827 E. Seymour ,..."
194,606 E. 7th '--
195,"315 Columbus Av iK<Davis Helen, res. 824 Elgin"
196,417 W. 8th
197,2310 S. Mulberry
198,Delaware Hotel
199,519 S. Franklin
200,620 E. Charles
201,20 Canopic Apartments
202,801 W. Adams
203,324 E. 12th
204,3016 S. Vine
205,824 Elgin
206,"324 E. 12th DAVIS JAMES L. (Louise M.),"
207,1709 E. Jackson
208,508 Hoyt Av
209,"flat 2, 325 W. Charles"
210,614 S. Hutchinson Av
211,179 Kilgore Av
212,529 Kilgore Av
213,1601 E. 1st
214,410 Blaine ·
215,505 N. Dill
216,418 Blaine
217,1423 W. 14th
218,"1022 E. Jackson 0 DAVIS JOHN L. (Della), LO C'\I LO"
219,"106 Koontz Av <( Davis John W. (Matilda), glassworker, res. 2716 S. High 0:: Davis Jos. E. (Laura), trustee Sturgeon Grain & Coal Co. 301 ~ E. Seymour res. 801 W. Adams DAVIS JOSEPH H. (Naomi E.), zo i • 1 ~ (Lindsey & D.), Attorney at Law, 110 E. Washington; LL.I ; Residence, 205 University Av O Davis Jos. I. plumber, rooms 214 W. Howard W :C Davis Lillian E. widmv of Griffith B. res. 1316 E. 1st N O Davis Lillian V. student, res. 703 Marsh LL. Z Davis Lloyd, machine operator, res. 1321 Manor <( ; DA VIS LOAN & JE1WELRY CO., > (!) (Alfred N. Davis & Vernon G. Davis), 509 S. Walnut, Phone ;:::> :C 33;36 ...J <( ~ Davis Lonnie (Emma), barber, res. 2119 S. High 0 Davis Louisa B. widow of Harry res. 201 Neely Av W U Davis _Mrs. Louise M. deputy, County Recorder's, Office, res. lJJ 1017 E. Charles Cl CJ) WESTERN RESERVE LIFE INSURANCE CO. ISSUES ALL STANDARD POLICIES"
220,"510 Blaine, res. 410 Blaine"
221,"flat 4, 710 E. Main"
222,1619 K Willard
223,408 E. North
224,710 Powers
225,419 S. Vine
226,208 Meeks Av
227,647 N. Madison
228,303½ E. Main
229,1153 E. Washington
230,914 W. Charles
231,1805 S. Madison
232,831 E. 1st
233,335 W. 7th
234,700 N. Walnut
235,1003 W. Gilbert
236,818 N. Mulberry
237,1330 E. Washington
238,717 S. Plum
239,"1511 Penn, Whiteley"
240,1507 W. Jackson
241,"921 Blaine, Whiteley"
242,3202 S. Plum
243,122 N. Mulberry
244,901 University Av
245,501 Hoyt Av
246,622 Bechtle Av
247,286 S. Ohio Av
248,203 New Little Block
249,2612 S. Elm COURT SUPPLY & COAL YARD COAL AND COKE 1901 E. JACKSON J;»HON)i: 935
250,1019 E. Jackson
251,417 W. Washington
252,523 Wilson Av
253,340 Kilgore A.v
254,Y. M. C. A.
255,914 W . Charles
256,1522 Russey
257,601 S. Beacon
258,1014 E. Adams
259,504 E . 1st
260,824 Kirby Av
261,1404 W. 16th
262,504 E. 1st
263,506 W. Adams
264,1228 E . Adams
265,n.w.c. Walnut and 26th
266,214 E. Willard ~see also ''Devore''
267,515½ E. 1st
268,Yorktown
269,310 E. 8th
270,1707 S. Madison
271,.. 403 N.
272,"193 S. Ohio Av Dawson· Henry, watchman, res. 222 S. Ohio Av"
273,227 N. Ebright
274,1525 W. Jackson
275,1707 S. Madison C. A. POWERS TAILOR SHOP CUSTOM TAILORING DRY CLEANING and PRESSING 200½ S. Walnut Phone 2418
276,407 E. 12th
277,"310 E. 8th DAWSON SALES 00., 207 200 N. (Lemon A. Dawson, Gernie A. Dawson & Ora E. Dawson), Automobiles and Accessories, 115-117 N. High ca m r----1"
278,"833½ S. Walnut C-:::,"
279,1707 S. Madison ~
280,1332 W. 14th ~
281,328 N. Vine -
282,1300 Butler -
283,same r-­Day
284,819 E. Charles
285,"same C-:::,"
286,"1300 Butler ......,"
287,621 N. • Mulberry
288,315 S. Monroe
289,"1501 Penn, Whiteley"
290,1332 W. 14th
291,224 E. 6th
292,1300 Butler
293,406 S. Beacon
294,"Parker, Ind"
295,415 N. Talley Av
296,210 . Liberty
297,"Winchester, Mass"
298,"116½ N. Mulberry RENTALS COLLECTIONS NOTARY WORK INSURANCE HAWKINS REAL TY CO. EVERYTHING IN REAL ESTATE 601•602 WYSOR BLDG. Phones: Office 5260, Residence 4673-J"
299,"513 University Av Deane 0. G. (Bonnie E.), secretary and general manager Muncie"
300,50
301,2814 S. Plum
302,1125 S. Elm
303,725 N. Jefferson
304,"1125 S. Elm Deardorff ]?rank, ca.rpenter, res. 119 N. Ohio Av"
305,119 N. Ohio Av
306,404 E. Charles
307,1117 E. Willard
308,2100 Pierce
309,"418 Pow­ers DEARTH ARTHUR M. (Vida), Attorney at Law and Notary Public; Office and Residence, 203½ S. Walnut, Phone 473 DEARTH HON. CLARENCE W. (Lora L.),"
310,"1104 ,E. Adams DEARTH MRS. LORA L.,"
311,601 University Av
312,318 E. Centennial Av
313,216 E. 9th
314,"533 W. 8th DeBoben Geo. R. (Mrs. Geo. R.), towerman, res. 906 Powers • *Debose Abe (Mil dred), laborer, res. 902 S. Plum"
315,"601 N. Talley Av OeCamp Verne G. (Marie), general superintendent Griffith Fur­niture Works, 2019 E. Willard, res. 918 E. Washington"
316,"222 E. Gilbert DeCrastos Dick Russell, collector, 210 S. Walnut, res. 2715 S. Walnut DeCrastos Mrs. Frances Verl, milliner, res. 2715 S. Walnut"
317,507 E. 12th
318,1106 E. 7th
319,915 E. Seymour
320,110 S Cherry
321,". 1424½ S . Walnut DeElliott Mrs. Margaret, beauty parlor, 315 Johnson Block, res. 316 W. Charles"
322,616 Ashland Av
323,"Roy Sunday's, Meeker Av"
324,621½ W. Howard
325,701 E. Willard
326,701 E . Willard
327,801 W. Willard
328,2709 S. Madi-son
329,27 09 S . Madison
330,"2709 S . Madi son DeHaven Katherine, b ookkeeper, 616 S . Mulberry, res. 322 E. Gilbert DeHaven Mary, (wi dow of B. Loren), saleslady, W. A. Mc­NAUGHTON CO. res. 322 E. Gilbert C. B. KIRK CO. 117 E. Main Phone 11"
331,416 E. 2d
332,"same DeHority Grace, teacher, Indiana State Normal School, res. 111 _ N Liberty"
333,"310 W. 12th *DeJ arnett Clarence, porter, res. 1321 E. 5th"
334,1319 S. Walnut
335,1209 E. Adams
336,1722 Dudley
337,s. s. 18th west of Mace­donia Av
