person_id,address_id,housing
1,1,res
2,2,res
3,3,res
4,4,res
5,5,res
6,4,res
7,6,res
8,3,res
9,7,res
10,8,res
11,9,res
12,10,res
13,11,rooms
14,12,res
15,10,res
16,13,rooms
17,14,res
18,15,res
19,16,res
20,17,res
21,18,res
22,19,res
23,20,res
24,21,res
25,22,res
26,23,res
27,24,res
28,25,res
29,24,res
30,26,res
31,27,res
32,28,res
33,29,res
34,30,res
35,31,res
36,32,res
37,33,res
38,34,res
39,35,res
40,36,res
41,37,res
42,38,res
43,39,res
44,40,res
45,41,rooms
46,42,res
47,43,res
48,44,res
49,45,res
50,46,res
51,47,res
52,48,res
53,48,res
54,49,res
55,50,res
56,51,res
57,52,res
58,53,res
59,54,res
60,54,res
61,54,res
62,55,rooms
63,56,res
64,57,res
65,57,res
66,58,res
67,59,res
68,60,rooms
69,60,rooms
70,61,res
71,62,res
72,63,res
73,64,rooms
74,65,res
75,66,res
76,67,res
77,68,res
78,69,rooms
79,70,res
80,71,res
81,72,res
82,73,res
83,74,res
84,75,res
85,76,res
86,77,res
87,77,res
88,77,res
89,78,rooms
90,77,res
91,79,res
92,79,res
93,80,res
94,81,res
95,82,res
96,64,rooms
97,83,res
98,84,res
99,84,res
100,85,res
101,86,rooms
102,87,rooms
103,88,rooms
104,89,res
105,62,res
106,90,res
107,91,res
108,92,res
109,93,res
110,94,res
111,95,res
112,96,res
113,97,res
114,98,res
115,99,res
116,62,res
117,100,res
118,101,res
119,101,res
120,102,res
121,103,res
122,104,res
123,105,res
124,106,res
125,107,res
126,108,res
127,109,rooms
128,110,res
129,111,res
130,112,rooms
131,113,res
132,114,res
133,115,res
134,116,res
135,117,res
136,118,res
137,119,res
138,120,res
139,121,res
140,122,res
141,123,res
142,124,res
143,125,rooms
144,126,res
145,127,res
146,128,res
147,121,res
148,129,res
149,121,res
150,130,res
151,131,res
152,132,res
153,133,rooms
154,134,rooms
155,135,res
156,136,res
157,137,bds
158,138,res
159,136,res
160,139,res
161,140,res
162,141,res
163,141,res
164,142,res
165,143,res
166,144,res
167,145,res
168,146,res
169,147,res
170,148,res
171,149,res
172,150,res
173,151,res
174,152,res
175,153,res
176,154,res
177,155,rooms
178,156,rooms
179,157,res
180,158,res
181,159,res
182,160,rooms
183,161,rooms
184,157,res
185,162,res
186,163,res
187,164,res
188,163,res
189,164,res
190,165,res
191,166,res
192,167,res
193,168,res
194,169,res
195,146,res
196,170,res
197,171,rooms
198,172,res
199,173,res
200,174,res
201,175,res
202,176,res
203,172,res
204,177,res
205,178,rooms
206,179,res
207,180,res
208,181,res
209,182,res
210,183,res
211,184,res
212,185,res
213,186,res
214,187,res
215,188,res
216,189,res
217,190,res
218,191,res
219,192,res
220,193,res
221,194,res
222,166,res
223,195,res
224,196,res
225,197,res
226,198,rooms
227,199,res
228,200,rooms
229,201,rooms
230,62,res
231,202,res
232,203,res
233,204,res
234,205,res
235,206,res
236,207,res
237,208,res
238,209,res
239,210,res
240,211,rooms
241,212,res
242,213,res
243,214,res
244,215,res
245,216,res
246,217,res
247,218,res
248,219,res
249,220,rooms
250,221,res
251,222,res
252,223,res
253,224,rooms
254,225,res
255,160,rooms
256,226,res
257,62,res
258,227,res
259,228,res
260,229,res
261,230,res
262,231,res
263,232,rooms
264,231,res
265,233,res
266,234,res
267,235,res
268,236,res
269,237,res
270,238,res
271,239,res
272,152,res
273,146,res
274,240,rooms
275,196,res
276,241,res
277,242,res
278,237,res
279,243,res
280,244,res
281,245,res
282,246,res
283,199,res
284,247,res
285,248,res
286,249,res
287,250,res
288,251,res
289,252,res
290,253,res
291,254,res
292,168,res
293,255,res
294,256,res
295,257,res
296,148,res
297,258,res
298,259,res
299,260,res
300,261,res
301,260,res
302,262,res
303,260,res
304,263,res
305,264,res
306,265,res
307,266,res
308,267,res
309,268,res
310,269,res
311,62,res
312,270,res
313,271,res
314,272,res
315,273,res
316,270,res
317,274,res
318,275,res
319,276,res
320,276,res
321,277,res
322,278,res
323,279,res
324,280,res
325,281,rooms
326,282,res
327,283,res
328,284,res
329,285,res
330,280,res
331,286,res
332,287,res
333,288,res
334,289,res
335,290,res
336,290,res
337,291,res
338,292,res
339,293,res
340,294,res
341,295,rooms
342,296,res
343,297,res
344,298,rooms
345,299,res
346,300,res
347,301,res
348,302,res
349,303,res
350,303,res
351,304,res
352,305,res
353,306,res
354,303,res
355,307,res
356,308,res
357,309,res
358,310,res
359,311,res
360,312,res
361,313,res
362,314,res
363,315,res
364,316,res
365,317,res
366,318,res
367,319,res
368,320,rooms
369,321,res
370,322,res
371,323,res
372,324,res
373,324,res
374,325,res
375,326,res
376,325,res
377,327,res
378,62,res
379,328,res
380,329,res
381,330,res
382,331,rooms
383,332,res
384,333,res
385,334,res
386,335,res
387,336,res
388,337,res
